{
  "vertices": [
    [4.401461,5.45,-3.25],
    [4.401461,5.45,-3.75],
    [3.4014611,5.45,-4],
    [3.4014611,5.45,-3],
    [0.40146112,5.45,-1.25],
    [3.4014611,5.45,-1.25],
    [3.4014611,5.45,-5.5],
    [1.4014611,5.45,-5.5],
    [-2.5985389,5.45,-5.5],
    [-4.598539,5.45,-5.5],
    [-4.598539,5.45,-3.75],
    [-2.3485389,5.45,-3.5],
    [-2.3485389,5.45,-1.25],
    [-0.5985389,5.45,-5.5],
    [4.401461,9.7,-3.25],
    [4.651461,9.7,-1.25],
    [4.651461,9.7,-3.5],
    [4.401461,9.7,-5.5],
    [5.401461,5.45,-3.75],
    [5.651461,5.45,-3],
    [-0.34853888,1.2,2.5],
    [-0.34853888,0.95,1.5],
    [-2.0985389,0.95,1.25],
    [-2.0985389,0.95,3],
    [0.6514611,0.95,5.5],
    [0.6514611,0.95,4.75],
    [-0.34853888,0.95,4.75],
    [-2.0985389,0.95,5.5],
    [-0.34853888,1.2,3.75],
    [-4.348539,0.95,3.25],
    [-4.598539,0.95,5.5],
    [6.401461,5.45,-3.25],
    [6.401461,5.45,-5.5],
    [5.651461,5.45,-5.5],
    [1.1514611,2.45,3.75],
    [4.651461,5.2,3.75],
    [5.401461,5.45,2.25],
    [2.6514611,3.7,2.5],
    [2.9014611,3.95,3.75],
    [6.401461,5.45,-1],
    [5.401461,5.45,-0.5],
    [1.6514611,0.95,1.5],
    [0.9014611,0.95,-0.25],
    [-2.0985389,0.95,-0.25],
    [6.401461,5.45,1.25],
    [3.6514611,0.95,1.5],
    [3.9014611,0.95,-0.25],
    [6.401461,5.45,3.75],
    [2.4014611,0.95,4.75],
    [3.4014611,0.95,5.5],
    [3.9014611,0.95,4.5],
    [6.401461,0.95,5.5],
    [6.401461,0.95,2.5],
    [3.9014611,0.95,2.75],
    [6.401461,0.95,-0.25]
  ],
  "triangles": [
    {"v0":0,"v1":3,"v2":1,"neighbor0":-1,"neighbor1":1,"neighbor2":14,"portal0Left":-1,"portal0Right":-1,"portal1Left":3,"portal1Right":1,"portal2Left":1,"portal2Right":0,"centerXZ":[4.0681276,-3.3333333],"area":0.25,"areaMask":1,"costMultiplier":1,"isBlocked":false,"minY":5.45,"maxY":5.45,"centerY":5.45},
    {"v0":1,"v1":3,"v2":2,"neighbor0":0,"neighbor1":11,"neighbor2":-1,"portal0Left":1,"portal0Right":3,"portal1Left":3,"portal1Right":2,"portal2Left":-1,"portal2Right":-1,"centerXZ":[3.7347944,-3.5833333],"area":0.5,"areaMask":1,"costMultiplier":1,"isBlocked":false,"minY":5.45,"maxY":5.45,"centerY":5.45},
    {"v0":3,"v1":5,"v2":4,"neighbor0":-1,"neighbor1":-1,"neighbor2":9,"portal0Left":-1,"portal0Right":-1,"portal1Left":-1,"portal1Right":-1,"portal2Left":4,"portal2Right":3,"centerXZ":[2.4014611,-1.8333334],"area":2.625,"areaMask":1,"costMultiplier":1,"isBlocked":false,"minY":5.45,"maxY":5.45,"centerY":5.45},
    {"v0":7,"v1":6,"v2":2,"neighbor0":-1,"neighbor1":-1,"neighbor2":11,"portal0Left":-1,"portal0Right":-1,"portal1Left":-1,"portal1Right":-1,"portal2Left":2,"portal2Right":7,"centerXZ":[2.7347944,-5],"area":1.5,"areaMask":1,"costMultiplier":1,"isBlocked":false,"minY":5.45,"maxY":5.45,"centerY":5.45},
    {"v0":9,"v1":8,"v2":10,"neighbor0":-1,"neighbor1":5,"neighbor2":-1,"portal0Left":-1,"portal0Right":-1,"portal1Left":8,"portal1Right":10,"portal2Left":-1,"portal2Right":-1,"centerXZ":[-3.9318721,-4.9166665],"area":1.75,"areaMask":1,"costMultiplier":1,"isBlocked":false,"minY":5.45,"maxY":5.45,"centerY":5.45},
    {"v0":10,"v1":8,"v2":11,"neighbor0":4,"neighbor1":10,"neighbor2":-1,"portal0Left":10,"portal0Right":8,"portal1Left":8,"portal1Right":11,"portal2Left":-1,"portal2Right":-1,"centerXZ":[-3.1818721,-4.25],"area":2.21875,"areaMask":1,"costMultiplier":1,"isBlocked":false,"minY":5.45,"maxY":5.45,"centerY":5.45},
    {"v0":12,"v1":11,"v2":4,"neighbor0":-1,"neighbor1":7,"neighbor2":-1,"portal0Left":-1,"portal0Right":-1,"portal1Left":11,"portal1Right":4,"portal2Left":-1,"portal2Right":-1,"centerXZ":[-1.4318722,-2],"area":3.09375,"areaMask":1,"costMultiplier":1,"isBlocked":false,"minY":5.45,"maxY":5.45,"centerY":5.45},
    {"v0":4,"v1":11,"v2":13,"neighbor0":6,"neighbor1":10,"neighbor2":8,"portal0Left":4,"portal0Right":11,"portal1Left":11,"portal1Right":13,"portal2Left":13,"portal2Right":4,"centerXZ":[-0.8485389,-3.4166667],"area":4.71875,"areaMask":1,"costMultiplier":1,"isBlocked":false,"minY":5.45,"maxY":5.45,"centerY":5.45},
    {"v0":4,"v1":13,"v2":7,"neighbor0":7,"neighbor1":-1,"neighbor2":9,"portal0Left":4,"portal0Right":13,"portal1Left":-1,"portal1Right":-1,"portal2Left":7,"portal2Right":4,"centerXZ":[0.40146112,-4.0833335],"area":4.25,"areaMask":1,"costMultiplier":1,"isBlocked":false,"minY":5.45,"maxY":5.45,"centerY":5.45},
    {"v0":4,"v1":7,"v2":3,"neighbor0":8,"neighbor1":11,"neighbor2":2,"portal0Left":4,"portal0Right":7,"portal1Left":7,"portal1Right":3,"portal2Left":3,"portal2Right":4,"centerXZ":[1.7347945,-3.25],"area":5.5,"areaMask":1,"costMultiplier":1,"isBlocked":false,"minY":5.45,"maxY":5.45,"centerY":5.45},
    {"v0":11,"v1":8,"v2":13,"neighbor0":5,"neighbor1":-1,"neighbor2":7,"portal0Left":11,"portal0Right":8,"portal1Left":-1,"portal1Right":-1,"portal2Left":13,"portal2Right":11,"centerXZ":[-1.8485389,-4.8333335],"area":2,"areaMask":1,"costMultiplier":1,"isBlocked":false,"minY":5.45,"maxY":5.45,"centerY":5.45},
    {"v0":7,"v1":2,"v2":3,"neighbor0":3,"neighbor1":1,"neighbor2":9,"portal0Left":7,"portal0Right":2,"portal1Left":2,"portal1Right":3,"portal2Left":3,"portal2Right":7,"centerXZ":[2.7347944,-4.1666665],"area":1,"areaMask":1,"costMultiplier":1,"isBlocked":false,"minY":5.45,"maxY":5.45,"centerY":5.45},
    {"v0":17,"v1":16,"v2":14,"neighbor0":-1,"neighbor1":13,"neighbor2":-1,"portal0Left":-1,"portal0Right":-1,"portal1Left":16,"portal1Right":14,"portal2Left":-1,"portal2Right":-1,"centerXZ":[4.4847946,-4.0833335],"area":0.28125,"areaMask":1,"costMultiplier":1,"isBlocked":false,"minY":9.7,"maxY":9.7,"centerY":9.7},
    {"v0":14,"v1":16,"v2":15,"neighbor0":12,"neighbor1":-1,"neighbor2":-1,"portal0Left":14,"portal0Right":16,"portal1Left":-1,"portal1Right":-1,"portal2Left":-1,"portal2Right":-1,"centerXZ":[4.5681276,-2.6666667],"area":0.28125,"areaMask":1,"costMultiplier":1,"isBlocked":false,"minY":9.7,"maxY":9.7,"centerY":9.7},
    {"v0":1,"v1":18,"v2":0,"neighbor0":-1,"neighbor1":15,"neighbor2":0,"portal0Left":-1,"portal0Right":-1,"portal1Left":18,"portal1Right":0,"portal2Left":0,"portal2Right":1,"centerXZ":[4.7347946,-3.5833333],"area":0.25,"areaMask":1,"costMultiplier":1,"isBlocked":false,"minY":5.45,"maxY":5.45,"centerY":5.45},
    {"v0":0,"v1":18,"v2":19,"neighbor0":14,"neighbor1":24,"neighbor2":-1,"portal0Left":0,"portal0Right":18,"portal1Left":18,"portal1Right":19,"portal2Left":-1,"portal2Right":-1,"centerXZ":[5.151461,-3.3333333],"area":0.4375,"areaMask":1,"costMultiplier":1,"isBlocked":false,"minY":5.45,"maxY":5.45,"centerY":5.45},
    {"v0":21,"v1":20,"v2":22,"neighbor0":-1,"neighbor1":17,"neighbor2":33,"portal0Left":-1,"portal0Right":-1,"portal1Left":20,"portal1Right":22,"portal2Left":22,"portal2Right":21,"centerXZ":[-0.9318722,1.75],"area":0.875,"areaMask":1,"costMultiplier":1,"isBlocked":false,"minY":0.95,"maxY":1.2,"centerY":1.075},
    {"v0":22,"v1":20,"v2":23,"neighbor0":16,"neighbor1":28,"neighbor2":-1,"portal0Left":22,"portal0Right":20,"portal1Left":20,"portal1Right":23,"portal2Left":-1,"portal2Right":-1,"centerXZ":[-1.5152055,2.25],"area":1.53125,"areaMask":1,"costMultiplier":1,"isBlocked":false,"minY":0.95,"maxY":1.2,"centerY":1.075},
    {"v0":25,"v1":24,"v2":26,"neighbor0":44,"neighbor1":19,"neighbor2":-1,"portal0Left":25,"portal0Right":24,"portal1Left":24,"portal1Right":26,"portal2Left":-1,"portal2Right":-1,"centerXZ":[0.31812778,5],"area":0.375,"areaMask":1,"costMultiplier":1,"isBlocked":false,"minY":0.95,"maxY":0.95,"centerY":0.95},
    {"v0":26,"v1":24,"v2":27,"neighbor0":18,"neighbor1":-1,"neighbor2":20,"portal0Left":26,"portal0Right":24,"portal1Left":-1,"portal1Right":-1,"portal2Left":27,"portal2Right":26,"centerXZ":[-0.5985389,5.25],"area":1.03125,"areaMask":1,"costMultiplier":1,"isBlocked":false,"minY":0.95,"maxY":0.95,"centerY":0.95},
    {"v0":26,"v1":27,"v2":28,"neighbor0":19,"neighbor1":21,"neighbor2":-1,"portal0Left":26,"portal0Right":27,"portal1Left":27,"portal1Right":28,"portal2Left":-1,"portal2Right":-1,"centerXZ":[-0.9318722,4.6666665],"area":0.875,"areaMask":1,"costMultiplier":1,"isBlocked":false,"minY":0.95,